Modelo,Pendiente,Intercepto,R2
Grupo 1,0.5691596666116256,1.4493048085784415,0.25175599138201243
Grupo 2,0.4015626213055145,6.4086924702613,0.11003430020463201
Combinado,-0.3336679459581674,9.052366864379891,0.2225793558869461
